Название;Краткое описание;Полное описание;Цена;Валюта;Сертификат;Группа;URL на сайте;URL главного фото;Закупка USD;eBay URL;Комментарий к фото
Лионель Месси — мяч чемпионата мира 2022 года с автографом;Мяч чемпионата мира 2022 с подписью Месси;Финал чемпионата мира 2022 года в Лусаиле — матч, которым завершилась главная незакрытая история мирового футбола: Месси забил дважды, Аргентина выиграла по пенальти, а он получил «Золотой мяч» лучшего игрока турнира. Мяч именно этого чемпионата привязывает автограф к конкретному событию, а не к карьере вообще, — и это принципиальная разница между сюжетным предметом и просто именным. Из всех форматов автографа мяч турнира читается зрителем быстрее всего: узнаваемая графика панелей работает как дата. В экспозиции такой предмет естественно становится центром аргентинской витрины. Международная сертификация подлинности: Beckett/BAS.;950000;RUB;Beckett/BAS;ЛИОНЕЛЬ МЕССИ;;https://i.ebayimg.com/images/g/rOEAAeSwKhRqKbiD/s-l500.webp;3999.95;https://www.ebay.com/itm/206337347539;"Мяч на подставке, подпись фронтально по центру; отдельно — ракурс, где в кадр попадает и автограф, и характерная графика мяча чемпионата мира 2022 года. Макро подписи. Рядом на слайде — архивный кадр финала в Лусаиле: Месси с трофеем или момент празднования."
Лионель Месси — полноразмерная реплика Кубка мира с автографом;Полноразмерная реплика Кубка мира с подписью;Это полноразмерная реплика трофея чемпионата мира — не оригинальный кубок ФИФА, который не покидает распоряжения федерации, — с личным автографом Лионеля Месси. Для витрины предмет решает задачу, недоступную ни футболке, ни мячу: он даёт объём, высоту и мгновенно узнаваемый силуэт, вокруг которого строится вся остальная экспозиция. Смысловая точность здесь полная: Месси — чемпион мира 2022 года и лучший игрок того турнира, то есть человек, чья подпись на этом силуэте абсолютно уместна. Позиция статусная и подаётся как центральный объект зала, а не как рядовой лот подборки. Международная сертификация подлинности: Beckett/BAS.;750000;RUB;Beckett/BAS;ЛИОНЕЛЬ МЕССИ;;https://i.ebayimg.com/images/g/cRsAAeSw529qXtqA/s-l500.webp;1800.0;https://www.ebay.com/itm/398197550629;Съёмка на тёмном фоне с направленным светом — золото должно дать блики, но не пересветы: фронтальный кадр в полный рост, кадр в три четверти и вид сверху на чашу. Отдельный крупный план автографа на постаменте или на корпусе. Рядом на слайде — архивное фото Месси, поднимающего Кубок мира в Лусаиле, в схожем ракурсе с предметом.
«Барселона» 2009 — командный мяч с автографами, включая Лионеля Месси;Командный мяч «Барселоны» с 15+ автографами;Мяч Adidas UEFA Supercup Monaco подписан составом «Барселоны» сезона 2009/10 — той команды Пепа Гвардиолы, которая в 2009 году выиграла все шесть возможных трофеев: чемпионат Испании, Кубок Испании, Лигу чемпионов, Суперкубок Испании, Суперкубок УЕФА и клубный чемпионат мира. На мяче более пятнадцати автографов: Лионель Месси, Андрес Иньеста, Хави, Жерар Пике, Серхио Бускетс, Самуэль Это'О, Дани Алвес, Рафаэль Маркес, Хосе Мануэль Пинто, Педро, Сейду Кейта, Максвелл и другие игроки состава. Ценность предмета именно в этом: одиночный автограф говорит об игроке, командный мяч фиксирует целую команду в момент её исторического пика, и собрать такой набор подписей задним числом уже невозможно. Модель мяча отсылает к Суперкубку УЕФА, который «Барселона» выиграла в Монако в августе 2009 года — то есть к самому трофею, замкнувшему шестёрку. Международная сертификация подлинности: JSA (ZZ81110).;2400000;RUB;JSA;ЛИОНЕЛЬ МЕССИ;;https://i.ebayimg.com/images/g/YJcAAeSwcLlqKvF4/s-l225.jpg;9995.0;https://www.ebay.com/itm/127916588455?_skw=Barcelona+team+signed+soccer+ball&hash=item1dc86c3da7:g:YJcAAeSwcLlqKvF4;Обязательно снять мяч по кругу — минимум четыре ракурса с поворотом, чтобы на слайде читались все панели с подписями, ни один автограф не должен остаться «за кадром». Отдельные макро-кадры ключевых подписей: Месси, Иньеста, Хави, Это'О. На слайде рядом — схема-развёртка с указанием, где чья подпись (это главный аргумент лота), и архивное фото «Барселоны» 2009 года с трофеем Лиги чемпионов или Суперкубка УЕФА в Монако.
Лионель Месси — гостевая футболка «Барселоны» 2008–2010 с автографом;Гостевая футболка «Барселоны» эпохи требла;Гостевая форма «Барселоны» образца 2008–2010 годов — это ткань эпохи Пепа Гвардиолы, когда команда выиграла требл 2009 года и переопределила представления о том, как может выглядеть клубный футбол. Именно в эти сезоны Лионель Месси окончательно вышел на первый план: «Золотой мяч» 2009 года стал первым из восьми, а «Барселона» с ним взяла четыре Лиги чемпионов и десять чемпионств Испании. Выездной комплект ценен тем, что редко попадает в собрания: коллекционеры почти всегда начинают с домашней сине-гранатовой формы, и гостевая версия остаётся заметно менее представленной. Предмет привязан не к абстрактной карьере, а к конкретному и лучшему периоду клуба. Международная сертификация подлинности: Icons.;650000;RUB;Icons;ЛИОНЕЛЬ МЕССИ;;https://i.ebayimg.com/images/g/CKAAAeSwNwVqVr5I/s-l1600.jpg;1099.99;https://www.ebay.com/itm/366542984181;Футболка на манекене или в раскладке на ровном фоне — фронтальный кадр целиком, чтобы читались цвет и клубная эмблема. Обязателен крупный план автографа с указанием, по какому участку ткани он идёт. Дополнительно — деталь герба и нашивок. Рядом на слайде — архивный кадр Месси в гостевой форме «Барселоны» сезона 2008/09 или 2009/10.
Лионель Месси — домашняя футболка сборной Аргентины №10 с автографом;Футболка сборной Аргентины с десятым номером;Бело-голубая футболка с десятым номером — самый узнаваемый предмет аргентинского футбола, номер, перешедший к Месси по прямой линии от Диего Марадоны. В этой форме он выиграл Кубок Америки 2021 года, чемпионат мира 2022 года с «Золотым мячом» лучшего игрока турнира и Кубок Америки 2024 года, оставшись лучшим бомбардиром в истории сборной. Для собрания это опорная позиция: если в музее должен быть один предмет Месси, то именно такой — сборная, десятка, автограф на лицевой стороне. Сертификация сопровождается развёрнутым письмом эксперта, а не только номерным стикером, что для предметов этого уровня существенно. Международная сертификация подлинности: Beckett/BAS Full Letter (LOA).;650000;RUB;Beckett/BAS Full Letter;ЛИОНЕЛЬ МЕССИ;;https://i.ebayimg.com/images/g/YOoAAeSw8KNqXZDF/s-l500.webp;1999.0;https://www.ebay.com/itm/137531064006;Фронтальный кадр футболки целиком (манекен или профессиональная раскладка), затем крупный план автографа и отдельный кадр номера 10 со спины, если он есть на предмете. Обязательно сфотографировать само письмо-сертификат Beckett Full Letter — это часть ценности лота. Рядом на слайде — архивный кадр Месси с Кубком мира 2022 года.
Лионель Месси — футбольный мяч с автографом;Мяч с личной подписью Лионеля Месси;Лионель Месси — восьмикратный обладатель «Золотого мяча», чемпион мира 2022 года и двукратный победитель Кубка Америки (2021, 2024). За годы в «Барселоне» он выиграл десять чемпионатов Испании и четыре Лиги чемпионов, стал лучшим бомбардиром в истории клуба и в истории Ла Лиги, а в 2012 году установил до сих пор непревзойдённый рекорд — 91 гол за календарный год. Мяч — самая прямая и самая читаемая форма футбольного автографа: подпись ложится на белую панель целиком, её видно с любой точки витрины, и предмет не требует расшифровки для зрителя. Для собрания, где Месси представлен впервые, это спокойная и убедительная стартовая позиция. Международная сертификация подлинности: Fanatics.;600000;RUB;Fanatics;ЛИОНЕЛЬ МЕССИ;;https://i.ebayimg.com/images/g/HjsAAeSwwgpqSDql/s-l1600.jpg;1399.0;https://www.ebay.com/itm/198473677309;Основной кадр — мяч на прозрачной подставке, подпись строго по центру, свет мягкий боковой, фон нейтральный светло-серый. Второй кадр — макро подписи под углом, чтобы читался рельеф чернил на коже панели. Третий ракурс — мяч в три четверти, для ощущения объёма. Рядом на слайде — архивное фото Месси в момент удара или празднования гола, крупный план.
Лионель Месси — бутса сборной Аргентины с автографом;Бутса в цветах сборной Аргентины с подписью;Со сборной Аргентины Лионель Месси прошёл путь от поражения в финале чемпионата мира 2014 года до титула чемпиона мира в 2022-м, где он был признан лучшим игроком турнира. Он лучший бомбардир и самый титулованный игрок в истории аргентинской национальной команды, победитель Кубка Америки 2021 и 2024 годов. Обувь — предмет, ближе всего стоящий к самому действию игры, и в коллекционном обороте бутсы появляются заметно реже футболок и мячей, что делает формат более редким при сопоставимой узнаваемости. Бело-голубая гамма Аргентины считывается мгновенно и хорошо работает в витрине рядом с формой сборной. Международная сертификация подлинности: BAS.;600000;RUB;BAS;ЛИОНЕЛЬ МЕССИ;;https://i.ebayimg.com/images/g/0Z0AAeSwc5lqVfd3/s-l1600.jpg;976.36;https://www.ebay.com/itm/306080293839;Съёмка на белом фоне с лёгкой тенью: боковой профиль бутсы (сторона с подписью), вид сверху на всю колодку и деталь пятки. Отдельный макро-кадр автографа с боковины — подпись должна читаться по буквам. Рядом на слайде — архивный кадр Месси в форме сборной Аргентины, желательно эпизод чемпионата мира 2022 года.
Лионель Месси — бутса Adidas «Барселоны» (левая) с автографом;Бутса Adidas в клубной гамме с автографом;Adidas сопровождает Лионеля Месси практически всю профессиональную карьеру, и его бутсы — отдельная линия, узнаваемая по колодке и посадке не меньше, чем форма. Предмет относится к периоду «Барселоны» — клуба, где Месси выиграл четыре Лиги чемпионов, десять чемпионатов Испании и первые «Золотые мячи», став лучшим бомбардиром и клуба, и всего чемпионата Испании. Обувь ценна как предмет, физически ближайший к игре, и как редкий формат: подписанных бутс на рынке кратно меньше, чем футболок. В паре с бутсой в цветах сборной Аргентины эта позиция даёт витрину из двух половин одной карьеры — клубной и национальной. Международная сертификация подлинности: Beckett Letter.;600000;RUB;Beckett Letter;ЛИОНЕЛЬ МЕССИ;;https://i.ebayimg.com/images/g/KegAAOSwpWNjcCfO/s-l500.webp;2499;https://www.ebay.com/itm/325470806502;Боковой профиль бутсы со стороны подписи, вид сверху и деталь задника — фон белый или графитовый, тень мягкая. Макро автографа обязательно. На слайде показать эту бутсу и бутсу сборной Аргентины в одном кадре — как парную позицию. Рядом — архивный кадр Месси в форме «Барселоны», нижний план с акцентом на обувь.
Пеле — футболка «Сантос» с автографом;Клубный цвет короля футбола, сертификат Beckett;Эдсон Арантис ду Насименту, известный миру как Пеле, остаётся единственным футболистом, трижды выигравшим чемпионат мира — в 1958, 1962 и 1970 годах. Почти вся его карьера прошла в бразильском «Сантосе», куда он пришёл пятнадцатилетним и с которым взял два Кубка Либертадорес и два Межконтинентальных кубка в 1962 и 1963 годах. Белая футболка «Сантоса» — именно тот образ, в котором Пеле провёл основную часть жизни в футболе, и потому подписанный клубный джерси ценится наравне со сборными предметами, а встречается заметно реже. Автограф нанесён на лицевую сторону и сохраняет характерный размашистый росчерк позднего периода. Международная сертификация подлинности: Beckett (BAS hologram).;500000;RUB;Beckett;ЛЕГЕНДЫ МИРОВОГО ФУТБОЛА;;https://i.ebayimg.com/images/g/cHEAAeSwP39o8rW9/s-l1600.jpg;787.5;https://www.ebay.com/itm/127437364279;Фронтальный кадр футболки целиком на манекене или на плоскости, чтобы читались клубный герб и номер. Отдельный макрокадр автографа с боковой подсветкой — так видно рельеф маркера на ткани. Третьим кадром — голограмма Beckett крупно. Рядом уместен архивный снимок Пеле в форме «Сантоса» 1960-х годов, лучше игровой момент, а не постановочный портрет.
Альфредо Ди Стефано — фотография «Реал Мадрид» с автографом;Архитектор первого великого «Реала»;Альфредо Ди Стефано был центральной фигурой «Реал Мадрид», выигравшего пять первых розыгрышей Кубка европейских чемпионов подряд, с 1956 по 1960 год, — и забивал в каждом из этих пяти финалов. Дважды обладатель «Золотого мяча», в 1957 и 1959 годах, он пять раз становился лучшим бомбардиром чемпионата Испании и определил саму манеру игры мадридского клуба на десятилетия вперёд. Предметы с автографами футболистов его поколения выходят на международный рынок редко: Ди Стефано ушёл из жизни в 2014 году, и круг подтверждённых подписаний закрыт окончательно. Подписанная фотография в форме «Реала» — прямое свидетельство эпохи, с которой начинается история европейских клубных турниров. Международная сертификация подлинности: PSA.;500000;RUB;PSA;ЛЕГЕНДЫ МИРОВОГО ФУТБОЛА;;https://i.ebayimg.com/images/g/eycAAeSwYbhp7NWi/s-l1600.jpg;1199.99;https://www.ebay.com/itm/236778736048;Фотографию снимать фронтально, без отражений, с сохранением тона оригинальной печати — не выбеливать. Крупный план автографа с указанием, что подпись нанесена поверх изображения. Отдельный кадр сертификационного ярлыка PSA. Рядом стоит поставить архивный кадр финала Кубка европейских чемпионов 1960 года в Глазго или групповой снимок того состава «Реала».
Лев Яшин — подписной лист с автографом;Единственный вратарь с «Золотым мячом»;Лев Иванович Яшин — единственный вратарь за всю историю футбола, получивший «Золотой мяч»: награда 1963 года до сих пор не повторена ни одним голкипером мира. Олимпийский чемпион 1956 года, победитель первого чемпионата Европы 1960 года, участник четырёх чемпионатов мира, он провёл всю карьеру в московском «Динамо» и вошёл в мировую традицию под именем «чёрный паук». Собственноручные автографы Яшина на рынке международных подписаний практически не появляются: подписной лист с экспертизой PSA — это документ руки человека, чьё имя носит вручаемая ФИФА награда лучшему вратарю чемпионата мира. Для российского музейного собрания предмет такого происхождения работает как опорный экспонат, вокруг которого выстраивается вся отечественная линия экспозиции. Международная сертификация подлинности: PSA.;700000;RUB;PSA;ЛЕГЕНДЫ МИРОВОГО ФУТБОЛА;;https://i.ebayimg.com/images/g/PZAAAeSwrndqWU~g/s-l1600.jpg;600.0;https://www.ebay.com/itm/287466707871;Лист снимать строго фронтально, при равномерном рассеянном свете, без бликов на бумаге — важно передать состояние листа и цвет чернил. Обязателен крупный план самой подписи во всю ширину кадра, плюс отдельный кадр ярлыка PSA. Экспозиционно предмет просится в паспарту и раму под музейным стеклом — стоит показать вариант оформления. Рядом — архивный кадр Яшина в прыжке в чёрном свитере, либо фотография с вручения «Золотого мяча» 1963 года.
Мишель Платини — футболка сборной Франции №10 с автографом;Три «Золотых мяча» подряд, номер десять;"Мишель Платини — обладатель трёх «Золотых мячей» подряд, в 1983, 1984 и 1985 годах; такой серии в истории награды больше не было ни у кого. В 1984 году он привёл сборную Франции к первому в её истории титулу чемпиона Европы, забив на том турнире девять мячей — рекорд одного европейского первенства, не побитый до сих пор. С «Ювентусом» он выиграл Кубок европейских чемпионов 1985 года, чемпионат Италии и трижды подряд становился лучшим бомбардиром Серии А. Домашняя футболка сборной Франции с десятым номером — это ровно тот образ, в котором Платини вошёл в историю, и подписанных экземпляров с международной экспертизой на рынке единицы. Международная сертификация подлинности: Beckett (BAS).";470000;RUB;Beckett/BAS;ЛЕГЕНДЫ МИРОВОГО ФУТБОЛА;;https://i.ebayimg.com/images/g/3YkAAeSw211qRXY1/s-l500.webp;850;https://www.ebay.com/itm/800273970666;Фронтальный кадр футболки с читаемым номером 10 и петухом на груди. Крупный план автографа — важно показать, что подпись легла на светлое поле и хорошо контрастирует. Отдельно — карточка COA Beckett. Архивным сопровождением лучше всего работает кадр Платини с трофеем чемпионата Европы 1984 года на «Парк де Пренс».
Пеле и Гордон Бэнкс — фотография «величайшего сейва» с двумя автографами;Оба участника легендарного момента ЧМ-1970;7 июня 1970 года в Гвадалахаре, в матче Бразилия — Англия, Пеле пробил головой в дальний нижний угол и уже кричал «гол», когда Гордон Бэнкс в невероятном броске выбил мяч из-под перекладины — этот момент вошёл в историю под именем «величайший сейв всех времён». На одном отпечатке собраны автографы обоих участников эпизода: трёхкратного чемпиона мира Пеле и Гордона Бэнкса, чемпиона мира 1966 года, шесть раз признанного лучшим вратарём мира по версии ФИФА. Двойные подписания такого уровня почти не встречаются — оба футболиста ушли из жизни, Бэнкс в 2019 году, Пеле в 2022-м, и повторить этот предмет уже невозможно. Ценность здесь не в двух именах по отдельности, а в том, что фотография документирует конкретную секунду игры, подтверждённую руками обоих её участников. Международная сертификация подлинности: JSA.;450000;RUB;JSA;ЛЕГЕНДЫ МИРОВОГО ФУТБОЛА;;https://i.ebayimg.com/images/g/IKEAAeSw3-Fo0gNk/s-l1600.jpg;499.99;https://www.ebay.com/itm/354068813020;Главный кадр — фотография целиком, чтобы сюжет сейва читался с первого взгляда. Затем два отдельных макрокадра: подпись Пеле и подпись Бэнкса, каждая крупно и по отдельности. Третьим — ярлык JSA с номером VV85922. Рядом обязательно показать архивную серию кадров того же момента ЧМ-1970 или знаменитый снимок обмена футболками Пеле и Бобби Мура после матча.
Кафу — 3D-реплика Кубка Лиги чемпионов 2007 с автографом;Официальная реплика трофея, подписанная победителем;Официальная объёмная реплика Кубка европейских чемпионов УЕФА, выпущенная по лицензии и подписанная Кафу — футболистом, выигравшим этот трофей с «Миланом» в 2007 году. Кафу остаётся единственным, кто сыграл в трёх финалах чемпионата мира, дважды становился чемпионом мира и поднимал Кубок мира как капитан сборной Бразилии в 2002 году. Предмет представляет собой уменьшенную реплику трофея, а не игровой или наградной оригинал — и именно в этом качестве он экспонируется. Для витрины это выигрышный формат: объёмный предмет с узнаваемым силуэтом читается через стекло лучше, чем текстиль или фотография. Международная сертификация подлинности: Icons.;400000;RUB;Icons;ЛЕГЕНДЫ МИРОВОГО ФУТБОЛА;;https://i.ebayimg.com/images/g/m8IAAeSweUpqBuXF/s-l225.jpg;799.49;https://www.ebay.com/itm/366405834333?_skw=football&hash=item554f7d565d:g:m8IAAeSweUpqBuXF;Снимать на тёмном фоне с контровым светом — так силуэт кубка читается сразу. Три ракурса по кругу плюс кадр с подставкой целиком. Обязателен макрокадр автографа на корпусе. Подпись к кадру должна прямо указывать: официальная 3D-реплика кубка УЕФА. Рядом — архивный кадр Кафу и «Милана» с настоящим трофеем в Афинах, 23 мая 2007 года.
Андреа Пирло — 3D-реплика Кубка Лиги чемпионов 2007 на подставке с автографом;Реплика трофея от чемпиона мира 2006;"Официальная объёмная реплика Кубка европейских чемпионов УЕФА на подставке с автографом Андреа Пирло — полузащитника, дважды выигравшего этот турнир с «Миланом», в 2003 и 2007 годах. В 2006 году Пирло стал чемпионом мира со сборной Италии и был признан одним из лучших игроков того турнира; его манера вести игру из глубины поля переопределила роль опорного полузащитника в европейском футболе. Предмет является уменьшенной лицензированной репликой трофея, а не оригиналом награды, и представляется именно в этом качестве. Комплектная подставка позволяет ставить его в витрину без дополнительного экспозиционного оборудования. Международная сертификация подлинности: Icons.";400000;RUB;Icons;ЛЕГЕНДЫ МИРОВОГО ФУТБОЛА;;https://i.ebayimg.com/images/g/68sAAeSwr9dqBuTV/s-l225.jpg;799.49;https://www.ebay.com/itm/366405834330?_skw=football&hash=item554f7d565a:g:68sAAeSwr9dqBuTV;Тёмный фон, контровый свет, три ракурса по кругу. Обязательно общий кадр вместе с подставкой — она часть предмета. Макрокадр автографа на корпусе реплики. В подписи к кадру явно указать: официальная 3D-реплика кубка УЕФА. Архивным сопровождением — Пирло с трофеем Лиги чемпионов 2007 года либо кадр финала чемпионата мира 2006 года в Берлине.
Пеле — фотография сборной Бразилии 16×20 с автографом;Жёлтая десятка, крупный формат;Пеле — единственный трёхкратный чемпион мира, выигравший турнир в 1958, 1962 и 1970 годах, и автор более тысячи голов за карьеру. Жёлтая футболка сборной Бразилии с десятым номером стала благодаря ему универсальным символом игры, вышедшим далеко за пределы спорта. Крупноформатный отпечаток 16×20 дюймов позволяет экспонировать предмет как самостоятельную работу, а размер поля даёт автографу пространство и делает подпись читаемой с дистанции зала. После ухода Пеле в декабре 2022 года круг подтверждённых подписаний закрыт, и предметы с международной экспертизой постепенно переходят из обращения в собрания. Международная сертификация подлинности: JSA.;300000;RUB;JSA;ЛЕГЕНДЫ МИРОВОГО ФУТБОЛА;;https://i.ebayimg.com/images/g/KGoAAOSwL6Bl4mE0/s-l1600.jpg;319.99;https://www.ebay.com/itm/116087492019;Кадр отпечатка целиком с честным указанием формата 16×20, лучше в раме или с предметом-масштабом. Крупный план автографа под небольшим углом — на глянце подпись даёт характерный блеск. Отдельно — ярлык JSA. Рядом уместен архивный кадр Пеле на чемпионате мира 1970 года в Мексике, в идеале момент празднования гола в финале с Италией.
Дино Дзофф — коллекционная карточка с автографом (сборная Италии);Карточка с автографом Дино Дзоффа, оценка PSA 10;Дино Дзофф — вратарь и капитан сборной Италии, выигравшей чемпионат мира 1982 года, когда ему было 40 лет: он остаётся самым возрастным чемпионом мира в истории футбола. Представленная карточка серии Topps UEFA Champions Collection с автографом Дзоффа заключена в защитную капсулу и оценена по шкале PSA на максимальный балл 10 (Gem Mint) — как за физическое состояние карточки, так и за качество автографа. Международная сертификация подлинности: PSA 10.;300000;RUB;PSA 10;ВРАТАРИ;;https://i.ebayimg.com/images/g/CdAAAeSwY9xo~945/s-l500.webp;583.82;https://www.ebay.com/itm/127456146465;Общий план карточки в слабе PSA целиком, крупный план автографа и оценочной наклейки PSA 10, рядом — архивный кадр Дзоффа с Кубком мира 1982 года.
Мануэль Нойер — мяч «Баварии» с автографом;Чемпион мира, вратарь нового типа;Мануэль Нойер — чемпион мира 2014 года и обладатель «Золотой перчатки» того турнира, вратарь, чья манера действовать далеко за пределами штрафной изменила само понимание позиции и породила термин «вратарь-либеро». С «Баварией» он выиграл Лигу чемпионов дважды, в 2013 и 2020 годах, а также рекордную серию чемпионств Бундеслиги. Пять раз он признавался лучшим вратарём мира по версии IFFHS — показатель, сопоставимый только с достижениями Джанлуиджи Буффона. Подписанный мяч удобен для витрины: он читается объёмно с любой точки и не требует раскладки на плоскости. Международная сертификация подлинности: JSA.;300000;RUB;JSA;ВРАТАРИ;;https://i.ebayimg.com/images/g/Z1cAAeSwAnponmZ6/s-l1600.jpg;799.99;https://www.ebay.com/itm/277326266716;Мяч снимать на подставке, тремя ракурсами по кругу, с ровным светом без жёстких бликов на панелях. Основной кадр — автограф по центру композиции, плюс отдельный макро. Показать наклейку JSA и подставку, если она входит в комплект. Архивный кадр рядом: Нойер на выходе далеко от ворот в матче ЧМ-2014 или с Кубком мира в Рио.
Дино Дзофф — ретро-футболка «Ювентуса» с автографом;Ретро-футболка «Ювентуса» с автографом Дино Дзоффа;Дино Дзофф — вратарь и капитан сборной Италии, выигравшей чемпионат мира 1982 года, когда ему было 40 лет: он остаётся самым возрастным чемпионом мира за всю историю футбола. В «Ювентусе» он провёл более десяти сезонов, неоднократно становясь чемпионом Италии в составе туринского клуба. Представленная ретро-футболка «Ювентуса» подписана лично Дзоффом, подписание зафиксировано фотографией. Международная сертификация подлинности: Icons.;330000;RUB;Icons;ВРАТАРИ;;https://i.ebayimg.com/images/g/1SYAAeSwFbNqBN3K/s-l225.jpg;234.99;https://www.ebay.com/itm/366406994200?_skw=shirt&hash=item554f8f0918:g:1SYAAeSwFbNqBN3K;ДЛЯ ПРЕЗЕНТАЦИИ: использовать ВТОРУЮ фотографию. Общий план футболки с автографом, крупный план подписи, рядом — архивный кадр Дзоффа в форме «Ювентуса» или с Кубком мира 1982 года.
Икер Касильяс — футболка «Реала Мадрид» с автографом;Футболка «Реала Мадрид» с автографом Икера Касильяса;Икер Касильяс — легенда «Реала Мадрид», где провёл более двадцати лет, был капитаном команды и трижды побеждал в Лиге чемпионов. В составе сборной Испании он стал чемпионом мира 2010 года и дважды выиграл чемпионат Европы, войдя в число самых титулованных вратарей в истории футбола. Представленная футболка «Реала» подписана лично Касильясом в присутствии свидетеля. Международная сертификация подлинности: Beckett Witnessed.;250000;RUB;Beckett Witnessed;ВРАТАРИ;;https://i.ebayimg.com/images/g/MbcAAeSw2~5qU87k/s-l500.webp;221.07;https://www.ebay.com/itm/206410721895;Общий план футболки с автографом, крупный план подписи, рядом — архивный кадр Касильяса в форме «Реала».
Икер Касильяс — футболка сборной Испании с автографом;Футболка сборной Испании с автографом Икера Касильяса;Икер Касильяс — капитан сборной Испании, с которой он выиграл чемпионат мира 2010 года и дважды становился чемпионом Европы (2008, 2012), пройдя с командой самый успешный период в истории испанского футбола. Многолетний капитан «Реала Мадрид», он считается одним из сильнейших вратарей своего поколения. Представленная футболка сборной Испании подписана лично Касильясом в присутствии свидетеля. Международная сертификация подлинности: Beckett Witnessed.;250000;RUB;Beckett Witnessed;ВРАТАРИ;;https://i.ebayimg.com/images/g/g5QAAeSwTg5qT4d9/s-l500.webp;221.07;https://www.ebay.com/itm/206404960800;Общий план футболки сборной Испании, крупный план автографа, рядом — архивный кадр Касильяса с национальной командой.
Оливер Кан — вратарская футболка сборной Германии с автографом;Вратарская футболка сборной Германии с автографом Оливера Кана;Оливер Кан — легендарный вратарь «Баварии» и сборной Германии, единственный голкипер в истории, признанный лучшим игроком чемпионата мира — на турнире 2002 года, где он привёл сборную Германии к финалу. За карьеру в «Баварии» он восемь раз становился чемпионом страны и побеждал в Лиге чемпионов. Представленная юбилейная вратарская футболка сборной Германии подписана лично Каном. Международная сертификация подлинности: Icons.;250000;RUB;Icons;ВРАТАРИ;;https://i.ebayimg.com/images/g/VloAAeSw9yVp73YO/s-l500.webp;599;https://www.ebay.com/itm/236795960142;Общий план вратарской футболки с автографом, крупный план подписи, рядом — архивный кадр Кана в форме сборной Германии.
Петер Шмейхель — фотография «Манчестер Юнайтед» 16×20 с автографом;Капитан «Юнайтед» сезона требла;Петер Шмейхель был вратарём и капитаном «Манчестер Юнайтед» в сезоне 1998/99, когда клуб впервые в истории английского футбола взял требл — чемпионат, Кубок Англии и Лигу чемпионов. За восемь лет в клубе он выиграл пять чемпионских титулов Премьер-лиги, а со сборной Дании стал сенсационным чемпионом Европы 1992 года. В 1992 и 1993 годах его признавали лучшим вратарём мира — фигура, определившая представление о голкипере современного типа. Крупноформатный отпечаток 16×20 дюймов позволяет экспонировать предмет как самостоятельную работу, а не как вложение в витрину. Международная сертификация подлинности: Beckett (BAS).;240000;RUB;Beckett;ВРАТАРИ;;https://i.ebayimg.com/images/g/X-QAAOSw4F9kjYu8/s-l1600.jpg;311.89;https://www.ebay.com/itm/285335658486;Показать формат честно — кадр отпечатка с указанием размера 16×20, лучше с предметом-масштабом или в раме. Крупный план автографа, желательно под углом, чтобы читался блеск маркера на глянце. Отдельно — ярлык Beckett. Архивный кадр рядом: Шмейхель с трофеем Лиги чемпионов в Барселоне, май 1999 года.
Оливер Кан — вратарская перчатка Adidas с автографом;Вратарская перчатка Adidas с автографом Оливера Кана;Оливер Кан — единственный вратарь в истории футбола, признанный лучшим игроком чемпионата мира: этого звания он удостоился на турнире 2002 года. Многолетний капитан «Баварии», прозванный «Титаном» за бескомпромиссный характер игры, он восемь раз выигрывал чемпионат Германии. Вратарская перчатка — редчайший для коллекций предмет: единственный элемент экипировки, которым вратарь непосредственно играет руками, а значит, самый личный из всех предметов его формы. Представленная перчатка Adidas подписана Каном на официальной сессии автографов Icons, что подтверждено фотофиксацией процесса подписания. Международная сертификация подлинности: Icons.;180000;RUB;Icons;ВРАТАРИ;;https://i.ebayimg.com/images/g/HDYAAeSwzRxqBuWE/s-l225.jpg;199.86;https://www.ebay.com/itm/366405834312?_skw=glove&hash=item554f7d5648:g:HDYAAeSwzRxqBuWE;Крупный план перчатки с автографом на тыльной стороне ладони, общий план перчатки целиком, рядом — архивный кадр сессии подписания либо кадр Кана в перчатках на поле.
Дида — вратарская перчатка Nike с автографом;Вратарская перчатка Nike с автографом Диды;Дида — бразильский вратарь «Милана», дважды побеждавший в Лиге чемпионов в составе клуба (2003, 2007) и входивший в состав сборной Бразилии, выигравшей чемпионат мира 2002 года. Вратарская перчатка — редкий для частных коллекций тип экспоната: единственный предмет экипировки, которым вратарь играет непосредственно руками, а значит, самый личный элемент его формы. Представленная перчатка Nike подписана лично Дидой. Международная сертификация подлинности: Icons.;180000;RUB;Icons;ВРАТАРИ;;https://i.ebayimg.com/images/g/tcEAAeSwpHRqBuVt/s-l225.jpg;166.55;https://www.ebay.com/itm/127862309519?_skw=glove&hash=item1dc530028f:g:tcEAAeSwpHRqBuVt&amdata=enc%3AAQALAAAA4ACCtXRWQnOEpyOqnQQ8KGZMLkTrBiVXwJ7M8vkeTi7uh36j2reI4ZlY2ZKiGD9BQDhoM5sm8HHdqnbDZFKkIhLALirjOc01dJ1nPV5VcU6Gg9N4wYWKqRyHvs5XSf96WXRWWIs77WjYv8NE%2FjEAkIID%2FlRp87LrOFv%2F9cGvgOr9jgviL8X2VWdCR6dWQQi8ktBDjiADCmXHvPwsD4cyIMqXOIUAFBl1exVBMDLDTpSLwRMPxuITeGevjD9IaEboesba3q8Mnk6O2bsSnQhKgVER5oU4B272fzqDclPYA5dn;Крупный план перчатки с автографом на ладони, общий план перчатки целиком, рядом — архивный кадр Диды в форме «Милана».
Йенс Леманн — вратарская перчатка Adidas с автографом;Вратарская перчатка Adidas с автографом Йенса Леманна;Йенс Леманн — вратарь сборной Германии и «Арсенала», в составе которого в сезоне 2003/04 прошёл весь чемпионат Англии без единого поражения — этот состав вошёл в историю английского футбола как «Непобедимые». Вратарская перчатка — один из редчайших типов предметов в футбольных коллекциях: единственный элемент экипировки, которым голкипер играет руками, что делает его самым личным предметом вратарской формы. Представленная перчатка Adidas белого цвета подписана лично Леманном. Международная сертификация подлинности: Icons.;160000;RUB;Icons;ВРАТАРИ;;https://i.ebayimg.com/images/g/cSQAAeSw8oNqBuUn/s-l225.jpg;141.23;https://www.ebay.com/itm/364521087689?_skw=glove&hash=item54df2662c9:g:cSQAAeSw8oNqBuUn;Крупный план перчатки с автографом, общий план перчатки целиком на светлом фоне, рядом — архивный кадр Леманна в форме «Арсенала».
Фабио Каннаваро — футболка сборной Италии образца ЧМ-2006 с автографом;Футболка сборной Италии ЧМ-2006 с автографом Каннаваро;Фабио Каннаваро возглавлял сборную Италии на чемпионате мира 2006 года и поднял Кубок мира как капитан команды-победителя. В том же году он был признан лучшим футболистом мира и обладателем «Золотого мяча» — единственный защитник за сорок лет, удостоенный этого звания. Представленная домашняя футболка сборной Италии образца турнира 2006 года подписана лично Каннаваро. Международная сертификация подлинности: Beckett/BAS.;250000;RUB;Beckett/BAS;ЗАЩИТНИКИ;;https://i.ebayimg.com/images/g/pA8AAeSwGGJqRYt5/s-l500.webp;350;https://www.ebay.com/itm/398129650430;Общий план футболки, крупный план подписи на груди, рядом — архивный кадр Каннаваро с Кубком мира 2006 года.
Фабио Каннаваро — футболка «Реал Мадрида» с автографом;Футболка «Реал Мадрида» с автографом Фабио Каннаваро;Фабио Каннаваро — единственный защитник за последние сорок лет, ставший обладателем «Золотого мяча» (2006), и капитан сборной Италии, выигравшей в том же году чемпионат мира. После триумфа со сборной он перешёл в «Реал Мадрид», где провёл несколько сезонов в статусе одного из ведущих защитников клуба. Представленная футболка «Реал Мадрида» подписана лично Каннаваро. Международная сертификация подлинности: Beckett/BAS.;250000;RUB;Beckett/BAS;ЗАЩИТНИКИ;;https://i.ebayimg.com/images/g/Vc0AAOSwb05ncNIH/s-l500.webp;334.98;https://www.ebay.com/itm/156608309381;Общий план футболки «Реал Мадрида» с автографом, крупный план подписи, рядом — архивный кадр Каннаваро в форме клуба.
Фабио Каннаваро — домашняя футболка сборной Италии №5 с автографом;Домашняя футболка сборной Италии №5 с автографом Каннаваро;Фабио Каннаваро — обладатель «Золотого мяча» 2006 года, единственный защитник, удостоенный этой награды за последние сорок лет. В том же году он был капитаном сборной Италии, выигравшей чемпионат мира в Германии. Представленная домашняя футболка сборной с номером 5 — тем самым, под которым Каннаваро выходил на поле, — подписана лично игроком. Международная сертификация подлинности: Beckett/BAS.;250000;RUB;Beckett/BAS;ЗАЩИТНИКИ;;https://i.ebayimg.com/images/g/XB4AAeSwjKBqRPmR/s-l500.webp;250;https://www.ebay.com/itm/398127678653;Общий план футболки с номером 5, крупный план автографа, рядом — архивный кадр Каннаваро в форме сборной Италии.
Кафу — мяч сборной Бразилии с автографом;Единственный, кто играл в трёх финалах мира;Маркос Эванжелиста ди Морайс, Кафу, — единственный футболист в истории, вышедший на поле в трёх финалах чемпионата мира подряд: 1994, 1998 и 2002 годов. Дважды чемпион мира, в 2002 году он поднимал Кубок мира как капитан сборной Бразилии, а всего провёл за неё 142 матча — рекорд, державшийся десятилетиями. Правый защитник, задавший стандарт игры своей позиции на два поколения вперёд, он остаётся одной из самых узнаваемых фигур бразильского футбола рубежа веков. Официальный мяч сборной Бразилии с его автографом — предмет, который в экспозиции сразу считывается и по имени, и по национальной принадлежности. Международная сертификация подлинности: JSA.;250000;RUB;JSA;ЗАЩИТНИКИ;;https://i.ebayimg.com/images/g/D-8AAeSw0XBqZOss/s-l1600.jpg;249.99;https://www.ebay.com/itm/168563219041;Мяч на подставке, три ракурса по кругу, обязательно кадр с эмблемой CBF в одной композиции с автографом. Отдельный макрокадр подписи. Показать ярлык JSA. Рядом — архивный кадр Кафу с Кубком мира на подиуме в Иокогаме, 30 июня 2002 года.
Кафу — футболка «Милан» сезона 2006/07 с автографом;Выездная форма победного сезона Лиги чемпионов;Кафу перешёл в «Милан» в 2003 году и провёл в клубе пять сезонов, выиграв чемпионат Италии и Лигу чемпионов. Выездная футболка сезона 2006/07 относится ровно к тому розыгрышу, который «Милан» завершил победой в финале над «Ливерпулем» в Афинах — реванш за поражение в Стамбуле двумя годами ранее. Для собрания это клубная глава карьеры футболиста, известного прежде всего по сборной Бразилии, и потому предмет хорошо работает в паре с бразильскими экспонатами, а не дублирует их. Привязка формы к конкретному сезону и конкретному турниру — то, что отличает музейный предмет от просто подписанной футболки. Международная сертификация подлинности: Beckett.;250000;RUB;Beckett;ЗАЩИТНИКИ;;https://i.ebayimg.com/images/g/YtIAAOSwQIFoDBI8/s-l1600.jpg;209.37;https://www.ebay.com/itm/316716593726;Фронтальный кадр футболки целиком, крупно — клубный герб и нашивки сезона, если они есть. Отдельный макрокадр автографа. Обязательно снять бирку с указанием сезона и размера — она подтверждает датировку. Кадр карточки Beckett COA. Архивным сопровождением — фотография финала Лиги чемпионов 2007 года в Афинах или Кафу с трофеем.
Паоло Мальдини — футболка сборной Италии с автографом;Футболка сборной Италии с автографом Паоло Мальдини;Паоло Мальдини — один из величайших защитников в истории футбола, четверть века (1984–2009) отдавший «Милану», где провёл более 900 матчей и был капитаном команды. В составе сборной Италии он провёл 126 встреч и дважды выходил в финалы крупнейших турниров — чемпионата мира 1994 года и чемпионата Европы 2000 года. Представленная футболка сборной Италии подписана лично Мальдини. Международная сертификация подлинности: Beckett.;240000;RUB;Beckett;ЗАЩИТНИКИ;;https://i.ebayimg.com/images/g/7hIAAeSwQUtqSoYc/s-l500.webp;295.25;https://www.ebay.com/itm/206385999361;Общий план футболки с автографом в кадре, крупный план подписи, рядом — архивный кадр Мальдини в форме сборной Италии.
Паоло Мальдини — гостевая футболка «Милана» №3 с автографом;Гостевая футболка «Милана» №3 с автографом Мальдини;Паоло Мальдини провёл в «Милане» 25 сезонов подряд — редчайший случай верности одному клубу на высшем уровне мирового футбола. За эти годы он пять раз побеждал в Кубке европейских чемпионов и Лиге чемпионов, войдя в историю игры как эталон защитника. Представленная гостевая футболка с номером 3 — тем самым, под которым Мальдини выступал за клуб на протяжении всей карьеры, — подписана лично игроком в присутствии свидетеля. Международная сертификация подлинности: Beckett Witnessed.;240000;RUB;Beckett Witnessed;ЗАЩИТНИКИ;;https://i.ebayimg.com/images/g/VX0AAeSwiWlnvwK9/s-l500.webp;297.49;https://www.ebay.com/itm/388002009100;Общий план футболки с видимым номером 3 и автографом, крупный план подписи, дополнительный архивный кадр Мальдини в форме «Милана».
Джон Терри — домашняя футболка «Челси» с автографом (2004/05);Домашняя форма «Челси», автограф, сезон 2004/05;Джон Терри — воспитанник академии «Челси» и многолетний капитан клуба, с которым выиграл Лигу чемпионов и несколько чемпионских титулов Англии. Представленная домашняя футболка относится к сезону 2004/05 годов — первому чемпионскому сезону «Челси» под руководством Жозе Моуринью, когда клуб впервые за полвека выиграл титул чемпиона Англии. Подпись нанесена на оригинальном игровом комплекте той эпохи. Международная сертификация подлинности: Beckett/BAS.;220000;RUB;Beckett/BAS;ЗАЩИТНИКИ;;;249.91;;⚠ ЭКСПОНАТ УЖЕ У НАС НА СКЛАДЕ — фото снять с нашего экземпляра. Крупный план автографа, общий вид домашней формы «Челси» сезона 2004/05 спереди и сзади, архивный кадр Терри с капитанской повязкой.
Роберто Карлос — футболка «Реал Мадрид» с автографом;Чёрная форма «Реала» с автографом Роберто Карлоса;Роберто Карлос — один из сильнейших левых защитников в истории футбола, многолетний игрок «Реал Мадрид» и чемпион мира 2002 года в составе сборной Бразилии. Его удар со штрафного в ворота сборной Франции в 1997 году, известный как удар-«банан» за необычную траекторию полёта мяча, стал одним из самых узнаваемых эпизодов в истории игры. Представленная футболка чёрного цвета несёт личную подпись футболиста и относится к периоду его выступлений за мадридский клуб. Международная сертификация подлинности: Beckett/BAS.;220000;RUB;Beckett/BAS;ЗАЩИТНИКИ;;;162.66;;⚠ ЭКСПОНАТ УЖЕ У НАС НА СКЛАДЕ — фото снять с нашего экземпляра. Крупный план автографа на чёрной футболке, общий вид спереди и сзади, архивный кадр Роберто Карлоса в форме «Реала».
Павел Недвед — футболка «Ювентус» с автографом, № 11;Форма «Ювентуса», номер 11, автограф Недведа;Павел Недвед — обладатель «Золотого мяча» 2003 года, получивший от журналистов прозвище «Чешская пушка» за мощь удара и неутомимую игру на протяжении всего поля. Представленная футболка относится к «Ювентусу» — клубу, в составе которого Недвед провёл наиболее успешный отрезок карьеры и был удостоен главной индивидуальной награды европейского футбола. Номер 11 на футболке соответствует амплуа, в котором Недвед выступал за туринский клуб. Международная сертификация подлинности: Beckett.;250000;RUB;Beckett;ПОЛУЗАЩИТНИКИ;;https://i.ebayimg.com/images/g/P04AAeSwKs5qU-CK/s-l500.webp;289;https://www.ebay.com/itm/327258449798;Крупный план автографа рядом с номером 11, общий вид футболки «Ювентуса» спереди и сзади, архивный кадр Недведа в этой форме.
Луиш Фигу — футболка сборной Португалии с автографом (2004);Форма сборной Португалии, автограф, 2004;Луиш Фигу — обладатель «Золотого мяча» 2000 года, чей переход из «Барселоны» в «Реал Мадрид» стал одним из самых резонансных трансферов в истории футбола и обострил многолетнее соперничество двух клубов. Представленная футболка относится к сборной Португалии образца 2004 года — года домашнего чемпионата Европы, в котором команда во главе с Фигу дошла до финала турнира. Подпись нанесена на оригинальном игровом комплекте национальной сборной. Международная сертификация подлинности: Beckett.;250000;RUB;Beckett;ПОЛУЗАЩИТНИКИ;;https://i.ebayimg.com/images/g/TUcAAeSwF-xo9vNU/s-l500.webp;278.16;https://www.ebay.com/itm/286889312690;ДЛЯ ПРЕЗЕНТАЦИИ: у этого продавца первое фото — вид спереди, а нужная фотография с автографом на номере — ВТОРАЯ. Брать вторую. На итоговом кадре — крупный план автографа на номере на спине, общий вид футболки спереди и сзади, и, при наличии, архивный кадр Фигу в форме сборной Португалии для контекста.
Андреа Пирло — футболка сборной Италии с автографом;Синяя форма Италии с автографом Пирло;Андреа Пирло — один из наиболее техничных полузащитников своего поколения, чемпион мира 2006 года в составе сборной Италии и двукратный победитель Лиги чемпионов в составе «Милана». Представленная футболка относится к комплекту национальной сборной Италии, с личной подписью футболиста. Пирло определял игру своей команды из глубины поля на протяжении полутора десятилетий на высшем уровне. Международная сертификация подлинности: Beckett/BAS.;250000;RUB;Beckett/BAS;ПОЛУЗАЩИТНИКИ;;https://i.ebayimg.com/images/g/iyAAAeSwt25qUMZk/s-l500.webp;269.99;https://www.ebay.com/itm/336681661443;Крупный план автографа, общий вид синей формы сборной Италии спереди и сзади, архивный кадр Пирло в составе сборной.
Луиш Фигу — домашняя футболка «Реал Мадрид» с автографом, № 10;Форма «Реала», номер 10, автограф Фигу;Луиш Фигу — обладатель «Золотого мяча» 2000 года, чей переход из «Барселоны» в «Реал Мадрид» летом 2000 года стал одним из самых обсуждаемых событий в истории испанского футбола. Представленная домашняя футболка «Реал Мадрид» с номером 10 несёт личную подпись футболиста и относится к периоду его выступлений за мадридский клуб в составе «Галактикос». Международная сертификация подлинности: Beckett/BAS.;250000;RUB;Beckett/BAS;ПОЛУЗАЩИТНИКИ;;;165.49;;⚠ ЭКСПОНАТ УЖЕ У НАС НА СКЛАДЕ — фото снять с нашего экземпляра. Крупный план подписи рядом с номером 10, общий вид домашней формы «Реал Мадрид» спереди и сзади, архивный кадр Фигу в этой футболке.
Андрес Иньеста — футболка «Барселона» с автографом;Домашняя форма «Барселоны» с автографом Иньесты;Андрес Иньеста — воспитанник академии «Ла Масия» и один из символов золотой эпохи «Барселоны» и сборной Испании конца 2000-х - начала 2010-х годов. Его гол в финале чемпионата мира 2010 года принёс Испании первый в истории титул чемпиона мира. Представленная футболка клуба несёт личную подпись футболиста и отражает период, когда «Барселона» и сборная Испании последовательно выигрывали крупнейшие трофеи мирового футбола. Международная сертификация подлинности: Beckett/BAS.;240000;RUB;Beckett BAS;ПОЛУЗАЩИТНИКИ;;https://i.ebayimg.com/images/g/2dcAAeSw6zxqNjTA/s-l500.webp;300;https://www.ebay.com/itm/407014420068;Крупный план подписи, общий вид футболки «Барселоны» спереди и сзади, архивный кадр Иньесты — желательно момент финала чемпионата мира 2010 года — для исторического контекста.
Фрэнк Лэмпард — футболка «Челси» с автографом;Домашняя форма «Челси» Umbro с автографом;Фрэнк Лэмпард — лучший бомбардир «Челси» за всю историю клуба среди полузащитников и один из наиболее титулованных игроков английского футбола своего поколения, выигравший с клубом Лигу чемпионов и несколько чемпионских титулов Англии. Представленная футболка производства Umbro относится к периоду выступлений Лэмпарда за лондонский клуб и несёт его личную подпись. Предмет представляет одну из самых успешных эпох в истории «Челси». Международная сертификация подлинности: Beckett/BAS.;240000;RUB;Beckett/BAS;ПОЛУЗАЩИТНИКИ;;https://i.ebayimg.com/images/g/CIkAAeSwTAVqNTYy/s-l500.webp;200;https://www.ebay.com/itm/168473488710;Крупный план подписи на футболке Umbro, общий вид домашней формы «Челси» спереди и сзади, архивный кадр Лэмпарда в этом комплекте.
Пол Скоулз — футболка «Манчестер Юнайтед» с автографом;Домашняя форма МЮ Nike с автографом Скоулза;Пол Скоулз — воспитанник академии «Манчестер Юнайтед», представитель легендарного «золотого поколения» клуба середины 1990-х годов и один из самых титулованных английских футболистов, выигравший с командой множество чемпионских титулов и Лигу чемпионов. Представленная футболка производства Nike несёт личную подпись футболиста и относится к периоду его многолетних выступлений за клуб. Скоулз провёл всю профессиональную карьеру в «Манчестер Юнайтед». Международная сертификация подлинности: Beckett/BAS.;240000;RUB;Beckett/BAS;ПОЛУЗАЩИТНИКИ;;https://i.ebayimg.com/images/g/E~kAAeSwK4BqS7oV/s-l500.webp;199.99;https://www.ebay.com/itm/227419511977;Крупный план автографа, общий вид формы МЮ Nike спереди и сзади, архивный кадр Скоулза в игре за клуб.
Кларенс Зеедорф — футболка «Милан» с автографом (2003);Форма «Милана» сезона Лиги чемпионов 2003;Кларенс Зеедорф — единственный футболист в истории, выигравший Лигу чемпионов в составе трёх разных клубов — «Аякса», «Реала» и «Милана». Представленная футболка производства Adidas относится к сезону 2003 года, в котором «Милан» завоевал титул победителя Лиги чемпионов. Предмет несёт личную подпись футболиста и представляет один из самых успешных периодов в истории миланского клуба. Международная сертификация подлинности: BAS.;240000;RUB;BAS;ПОЛУЗАЩИТНИКИ;;https://i.ebayimg.com/images/g/JwIAAeSwuMVqFd3q/s-l500.webp;299.99;https://www.ebay.com/itm/358545570615;Крупный план подписи, общий вид формы «Милана» Adidas спереди и сзади, архивный кадр Зеедорфа сезона победного финала Лиги чемпионов 2003 года.
Михаэль Баллак — футболка «Бавария» с автографом (2003/04);Домашняя форма «Баварии» с автографом, сезон 2003/04;Михаэль Баллак — капитан сборной Германии и один из сильнейших полузащитников своего поколения, выступавший за «Баварию», «Байер», «Челси» и сборную страны в финале чемпионата мира 2002 года. Представленная футболка относится к сезону 2003/04 годов — периоду выступлений Баллака за мюнхенский клуб, в составе которого он неоднократно становился чемпионом Германии. Подпись нанесена на оригинальном игровом комплекте эпохи. Международная сертификация подлинности: Beckett.;240000;RUB;Beckett;ПОЛУЗАЩИТНИКИ;;https://i.ebayimg.com/images/g/U0YAAeSwCnhqKKXp/s-l500.webp;180;https://www.ebay.com/itm/147363499926;Крупный план автографа, общий вид домашней формы «Баварии» спереди и сзади, архивный кадр Баллака в этой футболке сезона 2003/04.
Михаэль Баллак — футболка сборной Германии с автографом, № 13;Форма сборной Германии, номер 13, автограф;Михаэль Баллак — многолетний капитан сборной Германии, с которой он вышел в финал чемпионата мира 2002 года, и один из самых техничных немецких полузащитников своего времени. Представленная футболка национальной сборной с номером 13 несёт личную подпись футболиста. Баллак определял игру немецкой команды в качестве капитана на протяжении нескольких крупных турниров. Международная сертификация подлинности: Beckett.;240000;RUB;Beckett;ПОЛУЗАЩИТНИКИ;;https://i.ebayimg.com/images/g/S80AAeSwwXVnvwKY/s-l500.webp;297.49;https://www.ebay.com/itm/388002007789;Крупный план подписи рядом с номером 13, общий вид формы сборной Германии спереди и сзади, архивный кадр Баллака в форме национальной команды.
Райан Гиггз — домашняя футболка «Манчестер Юнайтед» с автографом (2005/06);Домашняя форма МЮ, автограф, сезон 2005/06;Райан Гиггз — рекордсмен «Манчестер Юнайтед» по числу титулов, выигравший с клубом 13 чемпионств Англии, и футболист с самым долгим сроком выступлений за одну команду на высшем уровне английского футбола. Представленная домашняя футболка относится к сезону 2005/06 годов, одному из многих в почти двадцатилетней клубной карьере Гиггза в статусе игрока основного состава. Подпись нанесена на оригинальном игровом комплекте эпохи. Международная сертификация подлинности: Beckett/BAS.;240000;RUB;Beckett/BAS;ПОЛУЗАЩИТНИКИ;;;304.35;;⚠ ЭКСПОНАТ УЖЕ У НАС НА СКЛАДЕ — фото снять с нашего экземпляра. Крупный план подписи, общий вид домашней формы МЮ сезона 2005/06 спереди и сзади, архивный кадр Гиггза в игре за клуб.
Алан Ширер — футболка «Ньюкасл Юнайтед» с автографом (1999/2000);Домашняя форма «Ньюкасла», автограф, сезон 1999/2000;Алан Ширер — рекордсмен английской Премьер-лиги по числу забитых мячей, капитан «Ньюкасл Юнайтед» и один из символов клуба на рубеже XX-XXI веков. Представленная футболка относится к сезону 1999/2000 годов, когда Ширер выступал за родной для себя клуб в статусе капитана и лидера атаки. Подпись нанесена на оригинальном комплекте эпохи, определившей репутацию Ширера как одного из самых результативных форвардов в истории лиги. Международная сертификация подлинности: Beckett/BAS.;300000;RUB;Beckett/BAS;НАПАДАЮЩИЕ;;https://i.ebayimg.com/images/g/DJQAAeSwFGdqGAQV/s-l500.webp;243.39;https://www.ebay.com/itm/278030209758;Крупный план автографа, общий вид формы «Ньюкасла» с капитанской повязкой (если видна) спереди и сзади, архивный кадр Ширера в этой футболке сезона 1999/2000.
Мохамед Салах — футболка «Ливерпуль» с автографом;Домашняя форма «Ливерпуля» с автографом Салаха;"Мохамед Салах — рекордсмен английской Премьер-лиги по числу голов среди африканских футболистов и один из лидеров «Ливерпуля», в составе которого выиграл Лигу чемпионов и чемпионский титул Англии. Представленная футболка клуба несёт личную подпись футболиста; автографы Салаха с независимой сертификацией подлинности встречаются на рынке спортивной атрибутики редко. Предмет отражает период доминирования «Ливерпуля» в европейском и английском футболе конца 2010-х - начала 2020-х годов. Международная сертификация подлинности: Beckett/BAS.";300000;RUB;Beckett BAS;НАПАДАЮЩИЕ;;https://i.ebayimg.com/images/g/SvQAAeSwK8xqUFNc/s-l500.webp;500;https://www.ebay.com/itm/407062167411;Крупный план автографа — ключевой элемент экспоната ввиду редкости сертифицированных подписей Салаха, общий вид домашней футболки «Ливерпуля» спереди и сзади, архивный кадр футболиста в этой форме.
Роберто Баджо — футболка сборной Италии с автографом;Домашняя футболка Италии, автограф, № 15;Роберто Баджо — обладатель «Золотого мяча» 1993 года, один из самых узнаваемых нападающих в истории итальянского футбола, вошедший в историю под прозвищем «божественный хвостик». Представленная футболка относится к сборной Италии образца 1990 года, с номером 15 на спине — эпохе, в которую формировался статус Баджо как национальной звезды. Автограф нанесён на подлинном игровом комплекте, отражающем стиль и эстетику итальянской сборной рубежа 1980-х-1990-х годов. Международная сертификация подлинности: Icons.;440000;RUB;Icons;НАПАДАЮЩИЕ;;https://i.ebayimg.com/images/g/a6oAAOSwBAZlQ8sJ/s-l500.webp;995;https://www.ebay.com/itm/256279287980;Крупный план автографа на груди/номере, общий вид футболки Италии спереди и сзади (номер 15), при возможности — архивный кадр Баджо в форме сборной Италии образца 1990 года для исторического контекста.
Эрик Кантона — гостевая футболка «Манчестер Юнайтед» с автографом;Гостевая форма МЮ, автограф, сезон 1993-1995;Эрик Кантона — французский форвард, ставший символом возрождения «Манчестер Юнайтед» в начале 1990-х годов и получивший от болельщиков клуба титул короля Олд Траффорда. Представленная гостевая футболка датируется сезонами 1993-1995 годов — периодом, когда клуб под его влиянием выиграл несколько чемпионских титулов Англии после долгого перерыва. Подпись нанесена на оригинальном комплекте эпохи, ставшей поворотной в новейшей истории клуба. Международная сертификация подлинности: Beckett/BAS.;260000;RUB;Beckett/BAS;НАПАДАЮЩИЕ;;https://i.ebayimg.com/images/g/swwAAeSw1mJooB5J/s-l500.webp;347.7;https://www.ebay.com/itm/277328665459;Крупный план подписи на груди футболки, общий вид гостевой формы МЮ спереди и сзади, рядом — архивный кадр Кантона в этой форме сезона 1993-1995 годов.
Уэйн Руни — домашняя футболка «Манчестер Юнайтед» с автографом (2008);Красная футболка МЮ, автограф, сезон 2008;Уэйн Руни — рекордсмен «Манчестер Юнайтед» по числу забитых голов за всю историю клуба, обладатель титулов чемпиона Англии и победителя Лиги чемпионов в составе команды. Представленная домашняя футболка красного цвета относится к 2008 году — сезону, в котором клуб под руководством Алекса Фергюсона выиграл Лигу чемпионов. Подпись нанесена на игровом комплекте эпохи наивысших достижений Руни в клубной карьере. Международная сертификация подлинности: Beckett/BAS.;250000;RUB;Beckett/BAS;НАПАДАЮЩИЕ;;https://i.ebayimg.com/images/g/kzwAAeSwudBobiQz/s-l500.webp;299.99;https://www.ebay.com/itm/266269434834;Крупный план автографа, общий вид красной домашней футболки МЮ спереди и сзади с номером, архивный кадр Руни в форме клуба сезона 2008 года рядом с экспонатом.
Уэйн Руни — футболка «Манчестер Юнайтед» с автографом (чёрная версия);Чёрная альтернативная футболка МЮ с автографом;Уэйн Руни — один из самых результативных нападающих в истории английского футбола и рекордсмен «Манчестер Юнайтед» по количеству голов за всю историю клуба. Представленный экземпляр — футболка чёрного цвета, альтернативная расцветка комплекта клуба, с личной подписью футболиста. Предмет дополняет собрание атрибутики эпохи Руни в «Манчестер Юнайтед» — клубе, за который он выступал полтора десятилетия. Международная сертификация подлинности: Beckett/BAS.;250000;RUB;Beckett/BAS;НАПАДАЮЩИЕ;;https://i.ebayimg.com/images/g/CaUAAeSwzxVpNa4i/s-l500.webp;299.99;https://www.ebay.com/itm/267504201115;Крупный план подписи на чёрной альтернативной футболке, общий вид спереди и сзади, при наличии — архивный кадр Руни в аналогичной форме.
Букайо Сака — домашняя футболка «Арсенал» с автографом, № 7;Домашняя форма «Арсенала», номер 7, автограф;Букайо Сака — воспитанник академии «Арсенала», ставший одним из ключевых игроков клуба и сборной Англии нового поколения. Представленная домашняя футболка с номером 7 несёт личную подпись футболиста, нанесённую на комплекте, в котором он выступает за лондонский клуб. Предмет представляет современный период истории «Арсенала» и английской Премьер-лиги. Международная сертификация подлинности: Beckett.;250000;RUB;Beckett;НАПАДАЮЩИЕ;;https://i.ebayimg.com/images/g/nwQAAeSwnudo7RAJ/s-l500.webp;424.99;https://www.ebay.com/itm/389885976017;Крупный план автографа рядом с номером 7, общий вид домашней футболки «Арсенала» спереди и сзади, архивный кадр Саки в игре за клуб.
Робин ван Перси — футболка сборной Нидерландов с автографом;Форма сборной Голландии с автографом, 2022/23;Робин ван Перси — многолетний капитан сборной Нидерландов и один из ведущих европейских форвардов своего поколения, выступавший за «Арсенал», «Манчестер Юнайтед» и «Фейеноорд». Представленная футболка относится к комплекту сборной Нидерландов сезона 2022/23 годов, с личной подписью футболиста. Экземпляр дополняет собрание атрибутики, связанной с национальной сборной Голландии. Международная сертификация подлинности: уточняется.;240000;RUB;;НАПАДАЮЩИЕ;;https://i.ebayimg.com/images/g/MHgAAeSwdJpqT~XZ/s-l500.webp;307.7;https://www.ebay.com/itm/336680526935;Крупный план подписи на футболке, общий вид формы сборной Голландии спереди и сзади, архивный кадр ван Перси в форме национальной команды.
Ривалдо — футболка сборной Бразилии с автографом, № 10;Форма сборной Бразилии, номер 10, автограф;Ривалдо — обладатель «Золотого мяча» 1999 года и чемпион мира 2002 года в составе сборной Бразилии, один из ведущих атакующих полузащитников своего поколения. Представленная футболка национальной сборной с номером 10 несёт личную подпись футболиста, засвидетельствованную независимым экспертом. Предмет представляет период, когда Ривалдо входил в число сильнейших игроков мира и являлся частью атакующего трио сборной Бразилии на чемпионате мира 2002 года. Международная сертификация подлинности: Beckett/BAS.;240000;RUB;Beckett/BAS;НАПАДАЮЩИЕ;;;315.74;;⚠ ЭКСПОНАТ УЖЕ У НАС НА СКЛАДЕ — фото снять с нашего экземпляра. Крупный план подписи рядом с номером 10, общий вид формы сборной Бразилии спереди и сзади, архивный кадр Ривалдо в игре за сборную.
Роналдо (R9) и Роналдиньо (R10) — бутса с двойным автографом;Два бразильца, редкий формат двойной подписи;Роналдо Насариу, известный по прозвищу R9, и Роналдиньо, выступавший под номером R10, — два форварда сборной Бразилии, каждый из которых в разное время признавался лучшим футболистом мира. Бутса с автографами обоих игроков представляет собой редкий формат: подписи двух звёзд на одной паре игровой обуви встречаются значительно реже, чем на мячах или футболках. Экспонат подчёркивает преемственность поколений в бразильском футболе конца XX — начала XXI века. Международная сертификация подлинности: Beckett.;500000;RUB;Beckett;БУТСЫ С АВТОГРАФАМИ;;https://i.ebayimg.com/images/g/FssAAeSwtwhoIxxJ/s-l1600.jpg;999.38;https://www.ebay.com/itm/116601102039;"Бутса с двух сторон, крупный план обеих подписей R9 и R10 рядом; архивный кадр Роналдо и Роналдиньо вместе в форме сборной Бразилии."
Эрлинг Холанд — бутса с автографом (Fanatics BAS);Автограф форварда «Манчестер Сити», двойная сертификация;Эрлинг Холанд — один из самых результативных нападающих современного футбола, установивший ряд бомбардирских рекордов в составе «Манчестер Сити». Жёлтая бутса Nike Mercurial с его личным автографом сопровождается двойным подтверждением подлинности — от компании Fanatics, официального партнёра клуба по мерчандайзингу, и независимого сертификационного бюро BAS. Экспонат завершает представленную в музее линию именных бутс современных звёзд футбола. Международная сертификация подлинности: Fanatics BAS.;360000;RUB;Fanatics BAS;БУТСЫ С АВТОГРАФАМИ;;https://i.ebayimg.com/images/g/NbMAAOSwJmhmd5Ma/s-l500.webp;550;https://www.ebay.com/itm/156269137706;"Бутса с двух сторон, крупный план автографа и логотипа «Манчестер Сити»; рядом — архивный кадр Холанда в игровой форме клуба."
Пеле — бутса с автографом;Автограф трёхкратного чемпиона мира;Пеле — единственный в истории трёхкратный чемпион мира (1958, 1962, 1970) и один из главных символов бразильского футбола XX века. Бутса Puma с его личным автографом представляет в коллекции музея память о легендарном форварде через предмет игровой экипировки, а не только через памятные мячи. Экспонат органично соседствует в экспозиции с другими именными бутсами великих футболистов разных эпох. Международная сертификация подлинности: Beckett.;500000;RUB;Beckett;БУТСЫ С АВТОГРАФАМИ;;https://i.ebayimg.com/images/g/tGUAAeSweAVokJq6/s-l1600.jpg;1264.54;https://www.ebay.com/itm/306431380278;"Бутса с двух сторон (подошва и верх), крупный план автографа; рядом — архивный кадр Пеле в игровой форме."
Роналдиньо и Роналдо Насариу — мини-мяч с двойным автографом;Два бразильских обладателя «Золотого мяча»;Роналдиньо и Роналдо Насариу — два бразильских форварда, каждый из которых в разные годы становился обладателем «Золотого мяча» и лучшим футболистом мира по версии ФИФА, а вместе со сборной Бразилии выигрывал чемпионат мира. Мини-мяч с автографами обоих игроков — редкий формат: подписи двух легенд бразильского футбола на одном предмете встречаются нечасто. Экспонат представляет в музейной коллекции целую эпоху бразильского футбола рубежа XX–XXI веков. Международная сертификация подлинности: Beckett COA.;500000;RUB;Beckett COA;МЯЧИ С АВТОГРАФАМИ;;https://i.ebayimg.com/images/g/wCQAAeSwtkxpocPw/s-l500.webp;1274.99;https://www.ebay.com/itm/389678547977;"Мини-мяч с двух сторон, крупный план обеих подписей рядом друг с другом; архивный кадр Роналдиньо и Роналдо в форме сборной Бразилии."
Карлос Вальдеррама — мяч с автографом;Автограф капитана сборной Колумбии;Карлос Вальдеррама — легендарный полузащитник и многолетний капитан сборной Колумбии, участник трёх чемпионатов мира (1990, 1994, 1998) и один из самых техничных плеймейкеров своего поколения, узнаваемый по фирменной пышной причёске. Мяч с его личным автографом нанесён на официальный мяч сборной Колумбии и представляет в коллекции музея колумбийскую школу футбола. Экспонат сопровождается независимой экспертизой подлинности подписи. Международная сертификация подлинности: Beckett.;250000;RUB;Beckett;МЯЧИ С АВТОГРАФАМИ;;https://i.ebayimg.com/images/g/wecAAeSwQERqOSb1/s-l500.webp;249.99;https://www.ebay.com/itm/168481708026;"Мяч с двух сторон, крупный план автографа; рядом — архивный кадр Вальдеррамы в форме сборной Колумбии на чемпионате мира."
Пеле, Месси, Роналду — мяч с тройным автографом;Три величайших имени мирового футбола на одном мяче;Пеле — трёхкратный чемпион мира и один из символов футбола XX века, Лионель Месси — многократный обладатель «Золотого мяча» и чемпион мира 2022 года, Криштиану Роналду — пятикратный обладатель «Золотого мяча» и один из самых титулованных футболистов в истории клубного футбола: три подписи на одном мяче объединяют разные эпохи и континенты футбольной истории. Подобное сочетание автографов встречается крайне редко и выходит за рамки стандартных партий памятных предметов. Мяч является флагманским экспонатом коллекции музея. Международная сертификация подлинности: Beckett LOA.;4500000;RUB;Beckett LOA;МЯЧИ С АВТОГРАФАМИ;;https://i.ebayimg.com/images/g/bPEAAOSwcpBjp6fv/s-l500.webp;19998.98;https://www.ebay.com/itm/278025417914;"Мяч с двух сторон, крупный план каждой из трёх подписей по отдельности; рядом — архивные кадры Пеле, Месси и Роналду в форме своих сборных."
Ривалдо — мяч с автографом;Автограф чемпиона мира 2002 года;Ривалдо Витор Боржес Феррейра — один из ключевых нападающих сборной Бразилии рубежа веков, обладатель «Золотого мяча» 1999 года и чемпион мира 2002 года, выступавший также за «Барселону» и «Милан». Мяч с его автографом отмечен символикой ФК «Барселона» и сборной Бразилии, отражая ключевые страницы карьеры игрока. Экспонат пополняет коллекцию автографов бразильских звёзд в собрании музея. Международная сертификация подлинности: Beckett COA.;240000;RUB;Beckett COA;МЯЧИ С АВТОГРАФАМИ;;https://i.ebayimg.com/images/g/PGUAAOSwGt1mMEWh/s-l500.webp;299.99;https://www.ebay.com/itm/135039219344;"Мяч с двух сторон, крупный план автографа; рядом — архивный кадр Ривалдо в форме сборной Бразилии на ЧМ-2002."
Карим Бензема — мяч с автографом;Автограф обладателя «Золотого мяча» 2022 года;Карим Бензема — многолетний форвард «Реал Мадрида», обладатель рекордного числа титулов Лиги чемпионов в составе клуба и лауреат «Золотого мяча» 2022 года, признанный лучшим футболистом планеты. Мяч с его личным автографом выполнен на официальном мяче с символикой «Реал Мадрида». Экспонат отражает одну из самых успешных индивидуальных карьер европейского футбола последнего десятилетия. Международная сертификация подлинности: Beckett BAS Witnessed.;240000;RUB;Beckett BAS Witnessed;МЯЧИ С АВТОГРАФАМИ;;https://i.ebayimg.com/images/g/Li8AAeSwekRpkm8Y/s-l500.webp;398.89;https://www.ebay.com/itm/234570511831;"Мяч с двух сторон, крупный план автографа и логотипа «Реал Мадрида»; рядом — архивный кадр Бензема с трофеем Лиги чемпионов или «Золотым мячом»."
Бебето — мяч с автографом;Автограф чемпиона мира 1994 года;"Бебето — нападающий сборной Бразилии, в паре с Ромарио составивший результативный тандем, приведший команду к победе на чемпионате мира 1994 года; забитый им гол в матче группового этапа запомнился знаменитым празднованием «колыбель», посвящённым рождению сына. Мяч с его личным автографом представляет в коллекции музея бразильское поколение чемпионов 1990-х годов. Международная сертификация подлинности: Beckett COA.";180000;RUB;Beckett COA;МЯЧИ С АВТОГРАФАМИ;;https://i.ebayimg.com/images/g/8qcAAeSwNIpqCz-F/s-l500.webp;299;https://www.ebay.com/itm/188396591422;"Мяч с двух сторон, крупный план автографа; рядом — архивный кадр Бебето со знаменитым празднованием «колыбель» на ЧМ-1994."
Педри — мяч Adidas чемпионата мира 2026 года с автографом (сборная Испании);Мяч чемпионата мира 2026 с подписью Педри;Педри — полузащитник «Барселоны» и сборной Испании, обладатель Golden Boy 2021 года, лучший молодой игрок чемпионата Европы 2020 года и чемпион Европы 2024 года. Его сравнивают с Андресом Иньестой не из вежливости: та же школа, та же роль между линиями, та же манера решать эпизод одним касанием, — и в этом смысле он прямой наследник великой «Барселоны» предыдущего десятилетия. Мяч официальной модели Adidas чемпионата мира 2026 года привязывает предмет к текущему турнирному циклу и делает его датированным, а не отвлечённым. В подборке он образует связку с Ямалем и Гави — тремя именами, на которых строится следующая эпоха испанского футбола. Международная сертификация подлинности: Beckett (именной).;210000;RUB;Beckett — именной;НОВОЕ ПОКОЛЕНИЕ;;https://i.ebayimg.com/images/g/edwAAeSwf55qNwqZ/s-l1600.jpg;298.79;https://www.ebay.com/itm/236888825008;Мяч на подставке: фронтальный кадр с подписью по центру, ракурс в три четверти и макро автографа. Отдельно — кадр, где видна графика мяча чемпионата мира 2026 года. Рядом на слайде — архивный кадр Педри в форме сборной Испании. Три мяча раздела (Педри, Гави) и фото Ямаля стоит показать одним общим кадром группы.
Гави — мяч Adidas сборной Испании с автографом;Мяч сборной Испании с подписью Гави;Гави — воспитанник Ла Масии и полузащитник сборной Испании, обладатель Golden Boy 2022 года и самый молодой автор гола в истории испанской национальной команды. Его манера игры — давление, отбор, немедленное продвижение мяча вперёд — задаёт характер той команде, где Педри отвечает за рисунок, а Ямаль за завершение. Вместе они составляют треугольник, вокруг которого строится и «Барселона», и сборная нового цикла, и собирать этот раздел логично целиком, а не по одному имени. Мяч в оформлении сборной Испании даёт разделу цветовое единство с позициями Педри и Ямаля. Международная сертификация подлинности: Beckett (именной).;190000;RUB;Beckett — именной;НОВОЕ ПОКОЛЕНИЕ;;https://i.ebayimg.com/images/g/nXcAAeSwRkZqOI64/s-l1600.jpg;298.79;https://www.ebay.com/itm/236890819630;Мяч фронтально с подписью по центру, дополнительный ракурс в три четверти, макро автографа. Обязательно — общий кадр раздела: мяч Гави и мяч Педри рядом, в едином свете и на одном фоне. Рядом на слайде — архивный кадр Гави в форме сборной Испании, эпизод в отборе или в подкате.
Ламин Ямаль — фотография в форме сборной Испании с автографом;Фотография сборной Испании 8x10 с подписью;Ламин Ямаль — самое обсуждаемое имя нового поколения: в семнадцать лет он стал чемпионом Европы 2024 года в составе сборной Испании, самым молодым игроком и самым молодым автором гола в истории турнира, и получил Golden Boy как лучший молодой футболист. Его путь идёт по той же линии, что и у Месси: воспитанник Ла Масии, десятый номер «Барселоны», левый вингер, смещающийся под правую ногу, — преемственность здесь не метафора, а буквальная. Фотография формата 8x10 — классический американский коллекционный формат, где подпись ложится прямо на изображение игрока и работает как готовый экспозиционный объект. Это спокойная точка входа в раздел молодого поколения — до того, как рынок по этому имени переоценится. Международная сертификация подлинности: Beckett/BAS (именной).;220000;RUB;Beckett/BAS — именной;НОВОЕ ПОКОЛЕНИЕ;;https://i.ebayimg.com/images/g/4vcAAOSwjB5nECAm/s-l1600.jpg;299.99;https://www.ebay.com/itm/176632970750;Снять фотографию в паспарту или готовой раме под нейтральным светом, без бликов на глянце — это ключевая техническая задача кадра. Отдельно — макро автографа поверх изображения. Рядом на слайде — архивный кадр Ямаля на Евро-2024, и в идеале архивное фото молодого Месси в «Барселоне» для визуальной рифмы поколений.
Джуд Беллингем — фотография с автографом;Фотография 8x10 с подписью Беллингема;"Джуд Беллингем — полузащитник «Реала» и сборной Англии, обладатель Golden Boy 2023 года; в первом же сезоне в Мадриде он выиграл чемпионат Испании и Лигу чемпионов 2024 года, став одним из самых результативных полузащитников турнира. Он представляет ту же смену поколений, что Ямаль и Педри, но с другой стороны — английскую школу и мадридскую традицию, и потому в разделе молодых работает как противовес испанскому блоку. Фотография формата 8x10 с подписью — компактный экспозиционный формат, который хорошо встаёт рядом с крупными предметами и не спорит с ними за внимание. В связке с уже имеющейся в собрании футболкой игрока позиция превращает одиночное имя в небольшой самостоятельный сюжет. Международная сертификация подлинности: PSA (именной).";170000;RUB;PSA — именной;НОВОЕ ПОКОЛЕНИЕ;;https://i.ebayimg.com/images/g/vR4AAeSwANdp-p0V/s-l1600.jpg;248.3;https://www.ebay.com/itm/227331676523;Снимать в раме под рассеянным светом, полностью исключив блики на глянцевой печати. Отдельный макро-кадр автографа. На слайде показать фотографию рядом с уже приобретённой футболкой Беллингема — как единую композицию. Рядом — архивный кадр Беллингема в форме «Реала», празднование гола.
